IE_XML_ID;IE_NAME;IP_PROP310
1q1;Общий анализ крови с лейкоцитарной формулой(дифференцированный подсчёт лейкоцитов,лейкоцитограмма);330
1q2;Анализ мочи по Нечипоренко;180
1q3;Общий анализ мочи(с микроскопией осадка);200
1q4;Онкоцитология;300
1q5;Мазок на степень чистоты,флора;150
1q6;Группа крови + резус фактор;280
1q7;Общеклиническое исследование секрета предстательной железы;200
1q8;Экспресс-анализ мочи (общий);100
1q9;Экспресс-анализ крови на сахар;80
1q10;Определение резус-антител во время беременности;350
1q11;Коагулограмма стандартная: индекс АПТВ, протромбин по квику (ПТИ+МНО), тромбиновое время, фибриноген, РФМК, фибриноген В, антитромбин III, D-димер;1800
1q12;Гемостазиограмма расширенная (АЧТВ, антитромбин III, Д-димер, каолиновое время, фибриноген, лизис эоглобулинов, люпус-тест, ПТИ, РФМК, тромбиновое время;1900
1q13;Тромбодинамика (интегральная оценка состояния системы свертывания крови: протромбин, тромбиновое время, фибриноген, АЧТВ);700
1q14;Тромбиновое время;200
1q15;Фибриноген В;200
1q16;Индекс АПТВ(активированное частичное тромбопластиновое время);200
1q17;Антитромбин III;360
1q18;D-Димер;750
1q19;Агрегация тромбоцитов АДФ 5мМ;600
1q20;РФМК;200
1q21;Протромбин по Квику (ПТИ+МНО);400
1q22;Фибриноген;200
1q23;Агрегация тромбоцитов коллагеном;600
1q24;Волчаночный антикоагулянт (ТТИТ+LA-1/LA-2);600
1q25;Биохимия общ.(Creatinine,Urea, Protein total, Glucose, Bilirubin total, АЛТ, АСТ) обмен белков;700
1q26;Альбумин (Albumin) обмен белков;120
1q27;Креатинин (Creatinine) обмен белков;120
1q28;Мочевина (Urea) обмен белков;120
1q29;Мочевая кислота обмен белков;130
1q30;Общий белок (Protein total) обмен белков;120
1q31;Белковые фракции (электрофорез) обмен белков;300
1q32;С-реактивный белок (СРБ, CRP) специфические белки;260
1q33;Ревматоидный фактор (РФ, Rheumatoid factor, RF) специфические белки;280
1q34;a-1 антитрипсин специфические белки;650
1q35;Антистрептолизин О специфические белки;300
1q36;Глюкоза (Glucose) обмен углеводов;120
1q37;Гликозилированный гемоглобин обмен углеводов;400
1q38;Глюкозо-толерантный тест обмен углеводов;300
1q39;Инсулинорезистентность: глюкоза, инсулин, индекс HOMA, индекс CARO обмен углеводов;480
1q40;Триглицериды (Triglycerides) обмен липопротеинов;150
1q41;Холестерол общий(холестерин,Cholesterol total) обмен липопротеинов;130
1q42;Холестерол ЛПНП(холестерин липопротеинов низкой плотности) обмен липопротеинов;160
1q43;Холестерол ЛПВП(холестерин липопротеинов высокой плотности) обмен липопротеинов;150
1q44;Липидограмма (об.холестерин, ХС-ЛПВП, ХС-ЛПНП, триглицериды, КА) обмен липопротеинов;560
1q45;Гомоцистеин обмен липопротеинов;1050
1q46;Лептин  обмен липопротеинов;500
1q47;Билирубин общий (Bilirubin total) обмен пигментов;130
1q48;Билирубин прямой обмен пигментов;130
1q49;Фракции Билирубина (прямой+непрямой) обмен пигментов;180
1q50;Креатинкиназа (КФК) ферменты;140
1q51;Креатинкиназа - МВ (КФК-МВ) ферменты;290
1q52;Лактатдегидрогеназа (ЛДГ) ферменты;130
1q53;Лактатдегидрогеназа (ЛДГ) 1,2 фракции ферменты;170
1q54;АЛТ ферменты;120
1q55;АСТ ферменты;120
1q56;ЩФ (щелочная фосфатаза) ферменты;130
1q57;Альфа-амилаза ферменты;160
1q58;Амилаза панкриатическая ферменты;320
1q59;Печеночный ГГТ ферменты;130
1q60;Фосфор неорганический (P, Phosphorus) электролиты;130
1q61;Калий (К+, Potassium),Натрий (Na+, Sodium), Хлор (Сl-, Chloride) электролиты;180
1q62;Кальций общий (Ca, Calcium total) электролиты;150
1q63;Магний (Мg, Magnesium) электролиты;150
1q64;Сыворточное железо (Fe, Iron) электролиты;150
1q65;Трансферрин электролиты;380
1q66;Ферритин электролиты;480
1q67;Латентная железосвязывающая способность сыворотки (ЛЖСС) электролиты;200
1q68;Общая железосвязывающая способность сыворотки (ОЖСС) (включая определение железа, ЛЖСС) электролиты;150
1q69;Трийодтиронин свободный(Т3 свободный);290
1q70;Тироксин свободный(Т4 свободный);290
1q71;Тиреотропный гормон(ТТГ,тиротропин);290
1q72;Тиреоглобулин(ТГ);380
1q73;Антитела к тиреоглобулину (анти-ТГ);380
1q74;Антитела к тиреоидной пероксидазе(АТ-ТПО);380
1q75;АТ к рТТГ(антитела к рецепторам ТТГ);790
1q76;Общий Т3;290
1q77;Лютеинизирующий гормон (ЛГ);300
1q78;Фолликулостимулирующий гормон (ФСГ);300
1q79;Пролактин (в т.ч.определение микропролактина);520
1q80;Прогестерон;330
1q81;Эстрадиол (Е2);300
1q82;Эстриол свободный (ЕЗ);360
1q83;Тестостерон;300
1q84;Тестостерон свободный;680
1q85;Дигидротестостерон(DHT);950
1q86;Хорионический гонадотропин человека(ХГЧ);300
1q87;Плацентарный лактоген;700
1q88;Ассоциированный с беременностью плазменный белок A(PAPP-A)+свободный b-хорионический гонадотропин(b-хгч);850
1q89;17-ОН прогестерон(17-ОП);380
1q90;Глобулин, связывающий половые гормоны (SHBG);400
1q91;Антиспермальные антитела;800
1q92;Антитела к ХГЧ;1000
1q93;Антимюллеровый гормон;1200
1q94;Женская фертильность: анализ полиморфизмов в генах (1 чел.) Ц МТ;7500
1q95;Мужская фертильность: анализ мутаций и полиформизмов в генах (1 чел.) Ц МТ;7500
1q96;Адренокортикотропный гормон,кортикотропин(АКТГ) лед;450
1q97;Кортизол(гидрокортизон);350
1q98;Дегидроэпиандростерон-сульфат(ДГЭА-С);360
1q99;Альдостерон;1200
1q100;Ренин;880
1q101;С-Пептид (C-Peptide);400
1q102;Инсулин (Insulin);400
1q103;Антитела к инсулину;700
1q104;Антитела к β-клеткам поджелудочной железы;1200
1q105;Антитела к глутамат-декарбоксилазе (GAD);1500
1q106;Соматотропный гормон (соматотропин, СТГ, Growth hormone, GH);500
1q107;Паратгормон;480
1q108;Кальцитонин (лед);580
1q109;Общий Т4;290
1q110;Витамин D;1900
1q111;Витамин А;1600
1q112;Витамин В1;1600
1q113;Витамин В5;1600
1q114;Витамин В6;1600
1q115;Витамин В9 (фолиевая кислота);600
1q116;Витамин В12;550
1q117;Витамин С;1600
1q118;Витамин Е;1700
1q119;Витамин К;1600
1q120;Водорастворимые витамины (В1, В5, В6, В9, В12, С);6800
1q121;Комплексный анализ крови на витамины (А,D,Е,К,С,В1,В5,В6,В9,В12);12500
1q122;Ненасыщенные жирные кислоты семейства Омега-3 (эйкозапентаеновая кислота, докозагексаеновая кислота, Витамин Е (токоферол);4000
1q123;Определение Омега-3 индекса (оценка риска внезапной сердечной смерти, инфаркта миокарда и других сердечно-сосудистых заболеваний);4500
1q124;Комплексный анализ крови на ненасыщенные жирные кислоты семейства Омега-6 (линолевая кислота, линоленовая кислота, арахидоновая кислота);4500
1q125;Комплексный анализ крови на аминокислоты (12 показателей: аланин, аргинин, аспаргиновая кислота, цитруллин, глутаминовая кислота, глицин, метионин, орнитин, фенилаланин, тирозин, валин, лейцин/изолейцин);3500
1q126;Скрининг TORCH-инфекций :  Антитела классов и IgG к возбудителям краснухи,токсоплазмоза,цитомегаловирусной инфекции,простого герпеса1-го и 2-го типов;1400
1q127;Антитела классов  IgM и IgG  к возбудителям краснухи,токсоплазмоза,цитомегаловирусной инфекции,простого герпеса1-го и 2-го типов;3000
1q128;"Авидность антител позволяет уточнить сроки инфицирования для исключения первичной инфекции. Состав: Антитела к токсоплазме: IgM, IgG, авидность; Антитела к вирусу краснухи: IgM, IgG, авидность; Антитела к вирусу простого герпеса I, II типов: IgM, IgG, ави";4000
1q129;"Антитела к вирусу иммунодефицита человека 1, 2 (ВИЧ 1,2), Антитела кТгеропегпа pallidum (IgM и IgG) ИФА, Антиген ""s"" вируса гепатита В (HBsAg), Антитела к вирусу гепатита С (анти-HCV)";900
1q130;Антитела   к  вирусу  иммунодефицита  человека   1,   2  (ВИЧ   1,  2);240
1q131;"Антиген ""s"" вируса гепатита В (HBsAg)";230
1q132;Антитела к вирусу гепатита С (анти-HCV) (суммарн.);280
1q133;Антитела к Treponema pallidum (IgM и IgG) ИФА (кач.) RW;300
1q134;Антитела к вирусу гепатита A IgM;400
1q135;Антитела к вирусу гепатита AIgG;400
1q136;Антитела к цитомегаловирусу IgM (колич.);350
1q137;Антитела к цитомегаловирусу IgG (колич.);320
1q138;Антитела к цитомегаловирусу IgА (кач.);550
1q139;Определение авидности антител IgG к цитомегаловирусу;550
1q140;Анитела к вирусу простого герпеса 1 и 2 типов IgG и IgM;750
1q141;Антитела к вирусу простого герпеса 1 и 2-ого типов IgG (колич.);350
1q142;Антитела к вирусу простого герпеса 1 и 2-ого типов IgM (колич.);450
1q143;Определение антител к вирусу краснухи IgM+IgG;650
1q144;Антитела к вирусу краснухи IgM (колич.);380
1q145;Антитела к вирусу краснухи IgG (колич.);350
1q146;Определение авидности антител к краснухе;550
1q147;Антитела к вирусу кори IgG;350
1q148;Антитела к ядерному антигену вируса Эпштейна-Барр IgG (колич.);450
1q149;Антитела к капсидному антигену вируса Эпштейна-Барр IgM (кач.);400
1q150;Определение авидности антител к капсидному белку вируса Эпштейна-Барра;500
1q151;Антитела к Helicobactery pylori IgG;370
1q152;Антитела к Helicobactery pylori IgM;450
1q153;Антитела к Helicobactery pylori IgА;430
1q154;Антитела к роду Chlamydophilla (Chlamydia pneumoniae) IgM;300
1q155;Антитела к роду Chlamydophilla (Chlamydia pneumoniae) IgG;330
1q156;Антитела к роду Chlamydophilla (Chlamydia pneumoniae) IgА;350
1q157;Антитела к Chlamydia trachomatis IgA;370
1q158;Антитела к Chlamydia trachomatis IgM;320
1q159;Антитела к Chlamydia trachomatis IgG;370
1q160;Антитела к Mycoplasma pneumoniae IgА;400
1q161;Антитела к Mycoplasma pneumoniae IgM;350
1q162;Антитела к Mycoplasma pneumoniae IgG;350
1q163;Антитела к Mycoplasma hominis IgG;300
1q164;Антитела к Mycoplasma hominis IgA;200
1q165;Антитела к Ureaplasma urealyticum IgG;300
1q166;Антитела к Ureaplasma urealyticum IgA;230
1q167;Антитела к Toxoplasma gondii IgM + IgG;650
1q168;Антитела к Toxoplasma gondii IgM;350
1q169;Антитела к Toxoplasma gondii IgG;300
1q170;Авидность IgG к токсоплазме (Toxoplasma gondii) (включает определение антител к токсоплазме, IgG);550
1q171;Антитела к антигенам эхинококка IgG;230
1q172;Антитела к Candida IgG;350
1q173;Антитела к Candida IgА;350
1q174;Антитела к Candida IgM;450
1q175;Антитела к вирусу клещевого энцефалита IgG;450
1q176;Антитела к вирусу клещевого энцефалита IgМ;450
1q177;Антитела к боррелиям IgG;420
1q178;Антитела к боррелиям IgМ;420
1q179;Антитела к антигенам аскариды IgG;400
1q180;Антитела к антигенам лямблии сумарные;400
1q181;Антитела к вирусу простого герпеса 2-ого типа IgG (колич.);500
1q182;Антитела к вирусу простого герпеса 2-ого типа IgМ (колич.);370
1q183;Определение авидности антител IgG к вирусу простого герпеса 1 и 2-го типов;450
1q184;Антитела к описторхисам (Opisthorchis felineus) , IgM;400
1q185;Антитела к описторхисам (Opisthorchis felineus) , IgG;350
1q186;Антитела к токсокарам (Toxocara canis), IgG;280
1q187;Антитела к трихинеллам (Trichinella spiralis), IgG;230
1q188;Антитела к шистосомам (Schistosoma mansoni), IgG;500
1q189;Антитела к угрицам кишечным (Strongyloides stercoralis),IgG;500
1q190;Антитела к цистицеркам свиного цепня (Taenia solium),IgG;500
1q191;Антитела к лямблиям (Lamblia intestinalis),IgM;250
1q192;Антитела к амебе дизентерийной (Entamoeba histolytica),IgG;470
1q193;Выявление ДНК вируса гепатита В (HBV) (кач.);550
1q194;Выявление вируса гепатита В (HBV) (колич.);900
1q195;Выявление  РНК вируса гепатита С (HCV) (кач.);550
1q196;Выявление  вируса гепатита С (HCV) (колич.);1400
1q197;Выявление  ДНК цитомегаловируса;400
1q198;Выявление  ДНК вируса простого герпеса 1, 2 (Herpes simplex virus 1, 2);400
1q199;Выявление  ДНК цитомегаловируса (кач.);200
1q200;Выявление  ДНК цитомегаловируса (колич.);290
1q201;Выявление  ДНК вируса простого герпеса 1, 2 (Herpes simplex virus 1, 2) (кач.);200
1q202;Выявление ДНК вируса простого герпеса I типа (Herpes simplex virus I) (кач.);200
1q203;Выявление ДНК вируса простого герпеса I типа (Herpes simplex virus I) колич.;290
1q204;Выявление ДНК вируса простого герпеса II типа (Herpes simplex virus II);200
1q205;Выявление ДНК вируса простого герпеса II типа (Herpes simplex virus II) колич.;290
1q206;Выявление ДНК вируса папилломы человека (HPV16) (кач.);200
1q207;Выявление ДНК вируса папилломы человека (HPV18) (кач.);200
1q208;Выявление ДНК вируса папилломы человека (HPV 6,11)(кач.);200
1q209;Выявление ДНК вируса папилломы человека (HPV 6,11) колич.;400
1q210;Выявление ДНК вируса папилломы человека (HPV 31,33) (кач.);250
1q211;Выявление ДНК вируса папилломы человека (HPV 31,33) колич.;430
1q212;Выявление ДНК вируса папилломы человека 16-68 типов без определения типа;1700
1q213;Выявление ДНК вируса папилломы человека (HPV 16,18,31,33,35,39,45,51,52,56,58,59) с определением типа;550
1q214;Выявление ДНК вируса папилломы человека (14 типов+КМВ) НРV 6/ НРМ 11/ НРV 16/ HPV 16,31,33,35,52,58/ HPV 18/ HPV 18,39,45,59/ HPV 51,56,58;1500
1q215;Типирование HPV (21 nbg+КМВ) HPV6/HPV11/HPV16/HPV18/HPV31/HPV33/HPV35/HPV39/HPV45/HPV52/HPV58/HPV59/HPV26/HPV51/HPV53/HPV56/HPV66/HPV68/HPV73/HPV82/HPV44(55);1700
1q216;Выявление ДНК HPV (4 типа+КМВ) НРV 6/ НРМ 11/ НРV 16/ HPV 18;450
1q217;Выявление ДНК грибов рода кандиды с определением типа, кач.;200
1q218;Типирование грибов, расширенный, кач.;1450
1q219;Посев мочи на микрофлору с определением чувствительности к основному спектру антибиотиков,;800
1q220;Посев мочи на микрофлору с определением чувствительности к расширенному спектру антибиотиков;850
1q221;Посев мочи на микрофлору с определением чувствительности к основному спектру антибиотиков и бактериофагам;850
1q222;Посев мочи на микрофлору с определением чувствительности к расширенному спектру антибиотиков и бактериофагам;900
1q223;Посев на Candida и чувствительность к антимикотическим препаратам;850
1q224;Мазок на сальмонеллез;480
1q225;Посев на уреаплазмы и микоплазмы, с определением чувствиетльности к антибиотикам;1400
1q226;Посев на микрофлору отделяемого урогенитального тракта женщины с определением чувствительности к основному спектру антибиотиков;950
1q227;Посев на микрофлору отделяемого урогенитального тракта женщины с определением чувствительности к расширенному спектру антибиотиков;1000
1q228;Посев на микрофлору отделяемого урогенитального тракта женщины с определением чувствительности к основному спектру антибиотиков и бактериофагам;980
1q229;Посев на микрофлору отделяемого урогенитального тракта женщины с определением чувствительности к расширенному спектру антибиотиков и бактериофагам;1100
1q230;Посев на микрофлору отделяемого урогенитального тракта мужчины (мазок из уретры/эякулят/секрет простаты) с определением чувствительности к расширенному спектру антибиотиков;1000
1q231;Посев на микрофлору отделяемого урогенитального тракта мужчины (мазок из уретры/эякулят/секрет простаты) с определением чувствительности к основному спектру антибиотиков и бактериофагам;980
1q232;Посев на микрофлору отделяемого урогенитального тракта мужчины (мазок из уретры/эякулят/секрет простаты) с определением чувствительности к расширенному спектру антибиотиков и бактериофагам;1100
1q233;"Пренатальный   скрининг   трисомий   (1   триместр   беременности   11-13 нед.) по программе ПРИСКА
1.Ассоциированный с беременностью плазменный белок А(РАРР-А)                                                                                               ";1100
1q234;"Биохимический  скрининг (2   триместр   беременности   16-20 нед.)
1 .Альфа-фетопротеин(АФП)                                                                                                                     2.Хорионический гонадотропин(ХГЧ)             ";1200
1q235;"Пренатальный   скрининг   трисомий   (1   триместр   беременности   11-13 нед.) по программе АСТРАЙЯ
1.Ассоциированный с беременностью плазменный белок А(РАРР-А)                                                                             2.Свободная [3-су";1600
1q236;Липидный статус: холестерин, холестерин ЛПНП, холестерин ЛПВП, холестерин ЛПОНП (включая опеределение триглицеридов), коэффициент атерогенности;600
1q237;Липидный статус расширенный: холестерин, холестерин ЛПНП, холестерин ЛПВП, холестерин ЛПОНП (включая определение триглицеридов), коэффициент атерогенности Апо А1, Апо В, липопротеин;1750
1q238;Обследование щитовидной железы: ТТГ, Т4 свободный, Т3 свободный, антиТГ, анти-ТПО;1350
1q239;Диагностическая панель перед проведением оперативного вмешательства: общий анализ крови, СОЭ, группа крови, резус фактор, АЛТ, АСТ, билирубин общий, глюкоза,креатинин, мочевина, общий белок, протромбиновое время+МНО, тромбиновое время, фибриноген, АЧТВ, А;2600
1q240;Онкологический женский скрининг: АФП, РЭА, СА 15-3, СА125, СА19-9, СА 72-4, антиген плоскоклеточной карциномы SCCA;3500
1q241;Онкологический мужской скрининг: общий b-хгч, АФП, РЭА, ПСА общий, СА19-9, СА 72-4;2520
1q242;Обследование печени базовое: АЛТ, АСТ, билирубин общий, билирубин прямой, щелочная фосфотаза, гаммаглутамилтрансфераза (ГГТ);700
1q243;Обследование печени расширенное: АЛТ, АСТ, билирубин общий, билирубин прямой, щелочная фосфотаза, гаммаглутамилтрансфераза (ГГТ), общий белок, белковая фракция, холестерин общий, холинэстераза, АФП, протромбин (время по КВИКУ, МНО);1650
1q244;"Фемофлор 8 (8 показателей+КМВ): 
Общая бактериальная масса/ Lactobacillus spp./ Gardnerella vaginalis + Prevotella bivia + Porphyromonas spp./Mucoplasma hominis/ Candida spp./ Mucoplasma  genitalium/Streptococus spp.";1550
1q245;"Фемофлор 16 (16 показателей+КМВ)
Общая бактериальная масса/ Lactobacillus spp./ Enterobacterium spp./Streptococus spp./Staphylococcus spp./Gardnerella vaginalis + Prevotella bivia + Porphyromonas spp./ Eubacterium spp./ Sneathia spp.+Leptotrichia spp.+Fus";1950
1q246;Андрофлор скрин;1350
1q247;Андрофлор;2250
1q248;"Скрининг ПЦР-12 (ДНК)
Общая бактериальная масса/ Gardnerella vaginalis/Mycoplasma hominis/Ureaplasma spp./Candida spp./Chlamidia trachomatis/Trichomonas vaginalis/ Neisseria gonorrhoeae/Mycoplasma  genitalium/Cytomegalovirus (CMV)/Herpes Simplex Virus Typ";1400
1q249;"Комплексный тест ФЛОРОЦЕНОЗ (14 показателей+NCMT )
Bacteria spp., Lactobacillus spp., Gardnerella vaginalis., Atopobium vaginae, Enterobacteriaceae, Streptococus spp., Staphylococcus spp., Ureaplasma parvum, Ureaplasma urealiticum, Mycoplasma hominis, Can";1300
1q250;"ФЛОРОЦЕНОЗ (14 показателей)
Bacteria spp., Lactobacillus spp., Gardnerella vaginalis., Atopobium vaginae, Enterobacteriaceae, Streptococus spp., Staphylococcus spp., Ureaplasma parvum, Ureaplasma urealiticum, Mycoplasma hominis, Candida albicans, Candida ";1050
1q251;"ФЛОРОЦЕНОЗ-бактериальный вагиноз
Bacteria spp., Lactobacillus spp., Gardnerella vaginalis., Atopobium vaginae";900
1q252;СA-125 (маркер яичников);500
1q253;СA-15-3 (маркер молочной железы);500
1q254;СA-19-9 (маркер ЖКТ, поджелудочной железы);500
1q255;СA-72-4 (маркер желудка и яичников);750
1q256;ПСА общий (маркер предстательной железы);350
1q257;ПСА свободный (маркер предстательной железы)РЭА;350
1q258;РЭА- (раково-эмбриональный антиген);400
1q259;НЕ-4 (маркер опухоли яичника);950
1q260;Антиген плоскоклеточной карциномы SCCA;750
1q261;Антиген СA-242 (маркер поджелудочной железы, гепатобилиарной зоны, толстого кишечника, колоректального рака);650
1q262;МСА (муциноподобный рако-ассоциированный антиген);1000
1q263;Альфа-фетопротеин;300
1q264;Антитела к аннексину V класса IgM;1650
1q265;Антитела к аннексину V класса IgG;1650
1q266;Антитела к фосфатидилсерину-протромбину, суммарные (IgM, G);950
1q267;Типирование генов HLA II классов локус DRB1, DQA1, DQB1;5300
1q268;Типирование генов HLA II классов локус DRB1, DQA1, DQB1 для семейной пары;9000
1q269;Кариотип (1 чел.);5500
1q270;Генетически обусловленная чувствительность к варфарину (VKORC1, CYP2C9, CYP4F2 - 4 точки);2600
1q271;Генетический риск нарушений системы свертывания (F2, F5, F7, FGB, F13A1, SERPINE1, ITGA2, ITGB3 - 8 точек) (Тромбофилия);3300
1q272;Генетические дефекты ферментов фолатного цикла (MTHFR, MTR, MTRR - 4 точки);2000
1q273;Генетический риск осложнений беременности и патологии плода (F2, F5, F7, FGB, F13A1, SERPINE1, ITGA2, ITGB3, MTHFR, MTR, MTRR - 12 точек);3500
1q274;Генетические факторы развития синдрома поликистозных яичников (INS, PPAR-y, CYP11a, 5a-редуктаза, SHB, AR1 - 6 показателей);4500
1q275;Генетический риск развития рака молочной железы и рака яичников (BRCA1, BRCA2 - 8 показателей);3300
1q276;Генетический тест на лактозную непереносимость: MCM6: -13910 T>C;1300
1q277;Диагностика синдрома Жильбера (мутация гена UGT1);3000
1q278;Генетическая предрасположенность к гипертонии (AGT, ADD1, ACE, AGTR1, AGTR2, CYP11B2, GNB3, NOS3 - 10 точек);1500
1q279;Выявление микроделиций в факторе азоспермии AZF (локусы A, B, C);4000
1q280;Женское здоровье генетический скрининг (33 полиморфизма);16500
1q281;Мужское здоровье генетический скрининг (25 полиморфизмов);13000
1q282;ЛипоСкрин. Генетические факторы риска нарушений липидного обмена (АРОЕ:388Т>C (rs429358), АРОЕ:526C>T (rs7412), APOB:10580G>A(rs5742904), APOB: G>A (rs754523), PCSK9: T>C (rs11206510));6750
1q283;АдипоСкрин. Генетические факторы риска развития ожирения (FTO: T>A (rs9939609), PPARD:-87T>C (rs6902123), PPARGC1A:1444G>A (rs8192678), PPARGC1B: 607G>C (rs7732671));6750
1q284;МиоСкрин. Генетические факторы формирования мышечной массы (ACTN3: 1729C>T (rs1815739), MSTN: 458A>G (rs1805086), AGT: 803T>C (rs699), HIF1A: 1744C>T (rs11549465));6750
1q285;ЭнергоСкрин. Генетические факторы риска нарушений энергетического обмена (PPARA: 2498G>C (rs4253778), PPARD:-87C>T (rs20116520), PPARG:34C>G (rs1801282), PPARGC1A:1444G>A (rs8192678), PPARGC1B:607G>C (rs7732671), AMPD1:133C>T (rs17602729));8000
1q286;Диабет-2Скрининг. Генетические факторы риска возникновения сахарного диабета II типа (KCNJ11:67A>G (rs5219), PPARG:34C>G (rs1801282), TCF7L2:IVS3 C>T (rs7903146), TCF7L2:IVS4 G>T (rs12255372));6750
1q287;"Заключение врача - лабораторного генетика по исследовательскому отчету: Определение распространенных мутаций в гене CFTR (муковисцидоз)
CFTR: Phe508Del
CFTR: Gly542Ter
CFTR: Gly551Asp
CFTR: Trp1282Ter
CFTR: Asn1303Lys
CFTR: 394delTT
CFTR: Arg334Trp
CFTR: ";5200
1q288;Гистологический блок послеоперационного материала, 1 блок;300
1q289;Гистологическое иследование Пайпель биопсии (аспирата);600
1q290;Глюкоза в моче;600
1q291;Белок в моче;280
1q292;Калий/натрий/хлор;350
1q293;Кальций;600
1q294;Фосфор;600
1q295;Креатинин  мочи;350
1q296;Микроальбумин;500
1q297;Метанефрины и норметанефрины свободные;2500
1q298;"Иммунограмма скрининг (CD3, CD19, CD16/56.
Включает анализ крови с лейкоцитарной формулой)";2000
1q299;Фаготест;2400
1q300;Бактерицидная активность крови;3900
1q301;Заключение врача КЛД по исследовательскому отчету: Интерфероновый статус (3 показателя: сывороточный интерферон, интерферон-альфа, интерферон-гамма);3850
1q302;Иммуноглобулин А (IgA);200
1q303;Иммуноглобулин М (Ig M);200
1q304;Иммуноглобулин G (Ig G);200
1q305;Иммуноглобулин Е (Ig E);450
1q306;Иммунный статус (Иммуноглобулины A (IgA), M (IgM), G (IgG), Иммунограмма базовая (CD-типирование лимфоцитов периферической крови, Общий анализ крови).;2100
1q307;Антитела к циклическому цитрулиновому пептиду (АССР, anti-ССР);1150
1q308;Антитела класса IgM к фосфолипидам (кардиолипину, фосфатидилсерину, фосфатидилинозитолу, фосфатидиловой кислоте;470
1q309;Антитела класса IgG к фосфолипидам (кардиолипину, фосфатидилсерину, фосфатидилинозитолу, фосфатидиловой кислоте;470
1q310;Антитела к кардиолипину, IgM;750
1q311;Антитела к кардиолипину, IgG;750
1q312;Антитела к бета-2-гликопротеину, IgM;750
1q313;Антитела к бета-2-гликопротеину, IgG;750
1q314;ЭЛИ-АФС-ХГЧ-Тест-6 (антитела к ХГЧ, бета2-гликопротеину1, Ec-lg, ds-ДНК, коллагену, суммарные к фосфолипидам;1900
1q315;Анализ кала на я/глист;260
1q316;Общий анализ кала (копрограмма);340
1q317;Дисбактериоз кишечника с опеределением чувствительности к бактериофагам;2200
1q318;Дисбактериоз кишечника с опеределением чувствительности к бактериофагам и антибиотикам;2250
1q319;Посев на возбудителей кишечной инфекции и определение чувствительности к антибиотикам;900
1q320;Посев кала на стафилококк  с определением чувствительности к антибиотикам (кол.);450
1q321;Определение антигенов Helicobacter Pylori в кале;950
1q322;Определение антигенов лямблии в кале;850
1q323;Исследование кала на скрытую кровь;450
1q324;Панкреатическая эластаза 1 в кале;1390
1q325;Кальпротектин (в кале);1300
1q326;Жидкостная цитология BD ShurePath с автоматизированной системой просмотра цитологических препаратов BD FocalPoint GS;1600
1q327;Жидкостная цитология BD ShurePath с автоматизированной системой просмотра цитологических препаратов BD FocalPoint GS: определение онкомаркера p16ink4a;5000
1q328;Скрининг рака шейки матки (жидкостная цитология BD ShurePath с автоматизированной системой просмотра цитологических препаратов BD FocalPoint GS и с ВПЧ-тестом (ROCHE COBAS4800);2800
471;Первичная консультация репродуктолога (осмотр, беседа, УЗИ), врач группы 1;1800
472;Первичная консультация репродуктолога (осмотр, беседа, УЗИ), врач группы 2;1500
473;Повторная консультация репродуктолога (осмотр, беседа, УЗИ), врач группы 1;1200
474;Повторная консультация репродуктолога (осмотр, беседа, УЗИ), врач группы 2;1000
475;Консультация по результатам анализов;500
476;Ультразвуковой мониторинг яичников (фолликулометрия);600
477;Консультация эмбриолога;1000
478;Консультация врача КЛД;1000
479;Взятие аспирата из полости матки (Пайпель-биопсия эндометрия);2100
480;Удаление ВМК (простое) со взятием материала на цитологическое исследование;650
481;Кольпоскопия;700
482;Обследование суррогатной матери;43700
483;Спермограмма с MAR-тестом;1800
484;Спермограмма;1000
485;MAR-тест (определение антиспермальных антител);1000
486;Оценка доли зрелых сперматозоидов (тест HBA);4500
487;Проба Курцрока-Миллера;1000
488;Посткоитальный тест (проба Шуварского);1000
489;Исследование посторгазменной мочи на наличие сперматозоидов;3000
490;Гипоосмолярный тест жизнеспособности (HOST);600
491;Тест на криотолерантность сперматозоидов;6000
492;Электронно-микроскопическое исследование сперматозоидов (ЭМИС);12200
493;Биопсия клеток эмбриона для ПГС;18000
494;Преимплантационная генетическая диагностика хромосомных аномалий (3 хромосомы: 21,Х,Y) методом КФ-ПЦР, за 1 эмбрион;18600
495;Преимплантационная генетическая диагностика хромосомных аномалий (3 хромосомы: 21,Х,Y) методом КФ-ПЦР, за дополнительный эмбрион;5200
496;Преимплантационный генетический скрининг хромосомных аномалий (23 пары хромосом) методом NGS, за 1 эмбрион;33000
497;Преимплантационная генетическая диагностика моногенных заболеваний;по запросу
498;Консультация оперирующего врача акушера-гинеколога;1500
499;Повторная консультация оперирующего врача акушера-гинеколога;1000
500;Диагностическая лапароскопия + гистероскопия диагностическая с хромопробой (ХСС);21000
501;Лапароскопические операции на придатках I степени сложности (ранее не оперированные, без спаечного процесса);24150
502;Лапароскопические операции на придатках II степени сложности (ранее не оперированные, но со спаечным процессом 1-2 степени);28350
503;Лапароскопические операции на придатках III степени сложности (ранее оперированные со спаечным процессом 2-3 степени);31500
504;Лапароскопические операции на придатках IV степени сложности (ранее оперированные с многократным вхождением в брюшную полость, с выраженным спаечным процессом);37500
505;Стерилизация маточных труб;17850
506;Миомэктомия I степени сложности до 3-х см неосложненная (ранее не оперированные и (или) простая локализация узла);36750
507;Миомэктомия I степени сложности до 3-х см осложненная (ранее оперированные и (или) сложная локализация узла);42000
508;Миомэктомия II степени сложности 3-5 см неосложненная (ранее оперированные и (или) сложная локализация узла);47250
509;Миомэктомия II степени сложности 3-5 см осложненная (ранее оперированные и (или) сложная локализация узла);52500
510;Миомэктомия III степени сложности 5-10 см неосложненная (ранее не оперированные и (или) простая локализация узла);57750
511;Миомэктомия III степени сложности 5-10 см осложненная (ранее оперированные и (или) сложная локализация узла);63000
512;Миомэктомия IV степени сложности свыше 10 см неосложненная (ранее не оперированные и (или) простая локализация узла);68250
513;Миомэктомия IV степени сложности свыше 10 см осложненная (ранее оперированные и (или) сложная локализация узла);73500
514;Ампутация матки до 12 недель;47250
515;Ампутация матки свыше 12 недель;52500
516;Экстирпация матки до 12 недель;52500
517;Экстирпация матки от 13-16 недель;57750
518;Экстирпация матки свыше 16 недель;63000
519;Удаление полипов;12600
520;Удаление миоматозных узлов до 1 см;21000
521;Удаление миоматозных узлов от 1 до 3 см;26250
522;Удаление миоматозных узлов более 3 см;36750
523;Резекция эндометрия (аблация);21000
524;Рассечение неполной, полной перегородки полости матки;15750
525;Гистерорезектоскопия с лапароскопической ассистенцией;36750
526;Рассечение спаек, синехий в полости матки, I cтепень сложности;7000
527;Рассечение спаек, синехий в полости матки, II-III cтепень сложности;11000
528;Рассечение спаек, синехий в полости матки, дополнительный этап;6000
529;Влагалищная экстирпация матки;52500
530;Хирургическая коррекция тканей передней или задней стенок влагалища;27000
531;Удаление кисты бартолиновой железы;15750
532;Хирургическая коррекция тканей передней и задней стенок влагалища;35000
533;Удаление кисты влагалища;15750
534;Хирургическая коррекция послеродовых разрывов промежности, половых губ, рассечение перегородки влагалища;17000
535;Установка TVT-O петли при недержании мочи (без стоимости петли);15750
536;Установка сетчатых протезов без учета стоимости сетчатого протеза (передний, задний, тотальный);31500
537;Метропластика I степени сложности;20000
538;Метропластика II степени сложности;25000
539;Пункция кисты яичника или асцита;5000
540;Гидроэхолокация;5000
541;Диагностическая гистероскопия;6000
542;Лечебно-диагностическая гистероскопия;7000
543;Восстановление целостности девственной плевы;16000
544;Хирургическая дефлорация;7000
545;Прерывание беременности до 12 недель по медицинским показаниям;8500
546;Гидросоно-исследование полости матки;4200
547;Установка акушерского пессария без наложения швов (стоимость пессария не включена);1700
548;Пластика уздечки полового члена (+ контрольный осмотр с 2 перевязками);6300
549;Иссечение полипа уретры;3200
550;Биопсия яичка;7900
551;Ликвидация гидроцеле (одностороннее);15000
552;Ликвидация гидроцеле (двустороннее);18000
553;Иссечение кисты придатка яичка;15750
554;Иссечение кондилом полового члена;3200
555;Операция Иванисевича;21000
556;Циркумцизио (обрезание) радиоволновым методом (+контрольный осмотр с 2 перевязками);8400
557;Диагностическая цистоскопия (муж);2950
558;Диагностическая цистоскопия (жен);2300
559;Стерилизация мужчин;15750
560;Коррекция каверозных тел (искривление);36750
561;Паховая грыжа;21000
562;Пупочная грыжа;15750
563;Бужирование уретры;1100
564;Эпицистомия троакарная;10500
565;Кастрация;8400
566;Инстилляция мочевого пузыря;650
567;Иссечение кондилом паховой области, 1 элемент;550
568;Операция Мармара (1 яичко);25000
569;Операция Мармара (2 яичка);45000
570;Открытая биопсия яичка;21000
571;Иссечение парауретральной кисты;16800
572;Меатотомия;7000
573;Удаление фиброаденомы молочной железы хирургическим путем (включая проведение манипуляции и две перевязки после проведения манипуляции);12600
574;Перевязка после проведения манипуляций по удалению фиброаденом молочной железы;350
575;Лапароскопические операции на придатках (маточные трубы), ранее не оперированные (включая оперативное вмешательство, анестезиологическое пособие, один койко-день в стационаре, гистологическое исследование биоматериала 4 блока);25000
576;Лапароскопические операции на придатках (маточные трубы), ранее оперированные (включая оперативное вмешательство, анестезиологическое пособие, один койко-день в стационаре, гистологическое исследование биоматериала 4 блока);30000
577;Лапароскопические операции на придатках (одностороннее удаление опухолей яичников), ранее не оперированные (включая оперативное вмешательство, анестезиологическое пособие, один койко-день в стационаре, гистологическое исследование биоматериала 4 блока);25000
578;Лапароскопические операции на придатках (одностороннее удаление опухолей яичников), ранее оперированные (включая оперативное вмешательство, анестезиологическое пособие, один койко-день в стационаре, гистологическое исследование биоматериала 4 блока);28000
579;Лапароскопические операции на придатках (двухстороннее удаление опухолей яичников), ранее не оперированные (включая оперативное вмешательство, анестезиологическое пособие, один койко-день в стационаре, гистологическое исследование биоматериала 4 блока);30000
580;Лапаросокопические операции на придатках (двухстороннее удаление опухолей яичников), ранее оперированные (включая оперативное вмешательство, анестезиологическое пособие, один койко-день в стационаре, гистологическое исследование биоматериала 4 блока);35000
581;Миомэктомия, один узел до 5 см, ранее не оперированные, (включая оперативное вмешательство, анестезиологическое пособие, один койко-день в стационаре, гистологическое исследование биоматериала 6 блоков);38000
582;Миомэктомия, более одного узла до 5 см, ранее оперированные, (включая оперативное вмешательство, анестезиологическое пособие, один койко-день в стационаре, гистологическое исследование биоматериала 6 блоков);40000
583;Ампутация матки до 9-10 нед., ранее неоперированные (включая оперативное вмешательство, анестезиологическое пособие, один койко-день в стационаре, гистологическое исследование биоматериала 6 блоков);42000
584;Хирургическая коррекция при истмико-цервикальной недостаточности беременных (включая наложение швов, установку пессария (не включая стоимость пессария), 1 койко-день в стационаре с лечебной терапией;14500
585;Хирургическая коррекция органов малого таза и промежности (стоимость операции зависит от объема проводимого оперативного вмешательства, предварительная консультация хирурга обязательна);3800-15000
586;Хирургическая коррекция органов малого таза и промежности I степени сложности, включая стоимость 1 койко-дня с лечением (предварительная консультация хирурга обязательна);28000
587;Хирургическая коррекция органов малого таза и промежности II степени сложности, включая стоимость 1 койко-дня с лечением (предварительная консультация хирурга обязательна);33000
588;Хирургическая коррекция органов малого таза и промежности III степени сложности, включая стоимость 1 койко-дня с лечением (предварительная консультация хирурга обязательна);38000
589;Консультация врача анестезиолога при выборе вида анестезиологического пособия;550
590;Анестезиологическое пособие (внутривенное);5750
591;Анестезиологическое пособие (эндотрахеальное);7500
592;Анестезиологическое пособие (эпидуральное);6000
593;Анестезиологическое пособие (спинальное);6000
594;Анестезиологическое пособие (эндотрахеальное) при миомоэктомии III степени сложности;9900
595;Анестезиологическое пособие (эндотрахеальное) при миомоэктомии IV степени сложности;14300
596;Ингаляционное анестезиологическое пособие для малоинвазивных процедур (ГЭЛ, биопсия яичка, биопсия простаты, пункция яичника и др.);3000
597;Внутривенное обезболивание при малоинвазивных манипуляциях;1500
598;Взятие мазков (на степень чистоты, флору, цитологическое исследование, бакпосев и определение чувствительности к антибиотикам, ПЦР…);200
599;Забор крови одноразовой системой вакуэт на исследования;100
600;Курс лечения эндоцервицитов, хронических воспалительных заболеваний малого таза (1 процедура);200
601;Обработка струпа на шейке матки или влагалища после различных видов коагуляции;280
602;Влагалищная ванночка;250
603;Аппликация влагалища лекарственными препаратами (антисептиками) при лечении вагинозов, вагинитов;250
604;Аппликация влагалища лекарственными препаратами + мази, кремы, свечи при лечении вагинозов, вагинитов;300
605;Электрокардиограмма (ЭКГ);350
606;Обработка препаратом «Кондилин» (одна обработка);300
607;Внутривенная инъекция;200
608;Внутривенная капельная инфузия;400
609;Внутримышечная инъекция;90
610;Кардиотокография (КТГ);500
611;Абдоминальная декомпрессия (1 процедура);350
612;Абдоминальная декомпрессия (8 процедур);2400
613;Кардиотокография (КТГ) с расшифровкой;700
614;Оксигенотерапия (1 ед.);50
615;Один койко-день (пребывание в клинике до 4 ч.) (после малоинвазивных манипуляций);1100
616;Один койко-день (пребывание в клинике более 4 ч.);2750
23067;Неинвазивный пренатальный тест PrenaTest на опеределение наличия у плода Трисомии по 21, 13, 18 хромосоме (синдромы Дауна, Эдвардса, Патау)+определение пола (для двуплодной беременности), МедикалГеномикс;30500
617;Один койко-день (пребывание в клинике до 4 ч. беременных);1200
23068;Неинвазивный пренатальный тест PrenaTest на опеределение наличия у плода Трисомии по 21, 13, 18 хромосоме (синдромы Дауна, Эдвардса, Патау)+числовые нарушения половых хромосом и определение пола, МедикалГеномикс;30500
618;Консультация гинеколога (осмотр, назначение обследований), врач группы 1;1300
619;Консультация гинеколога (осмотр, назначение обследований), врач группы 2;1100
620;Консультация гинеколога со взятием мазков (осмотр, назначение обследований, взятие мазков, без кольпоскопии), врач группы 1;1400
621;Консультация гинеколога со взятием мазков (осмотр, назначение обследований, взятие мазков, без кольпоскопии), врач группы 2;1200
622;Консультация гинеколога со взятием мазков и кольпоскопией (осмотр, назначение обследований, взятие мазков, электронная кольпоскопия), врач группы 1;1800
623;Консультация гинеколога со взятием мазков и кольпоскопией (осмотр, назначение обследований, взятие мазков, электронная кольпоскопия), врач группы 2;1600
624;Консультация гинеколога по планированию беременности, врач группы 1;1800
625;Консультация гинеколога по планированию беременности, врач группы 2;1500
626;Консультация гинеколога по вопросам гинекологической эндокринологии, врач группы 1;1800
627;Консультация гинеколога по вопросам гинекологической эндокринологии, врач группы 2;1500
628;Повторная консультация гинеколога (в течение 1 мес.), врач группы 1;900
629;Повторная консультация гинеколога (в течение 1 мес.), врач группы 2;800
630;Консультация гинеколога по результатам анализов;500
631;Кольпоскопия;700
632;Взятие аспирата из полости матки вакуум-шприцом Ipas (USA), канюлей Rampipella (Italia) ПАЙПЕЛЬ;2100
633;Биопсия шейки матки, влагалища или вульвы;1000
634;Деструкция препаратами «Солковагин» доброкачественных новообразований шейки матки или влагалища;1800
635;Радиоволновая терапия: лечение шейки матки за 1см2;1500
636;Радиоволновая терапия: удаление образований кожи (1 шт.);350
637;Радиоволновая терапия: удаление образований кожи (осложненных) (1 шт.);700
638;Радиоволновая терапия: удаление «мелких элементов» (1 шт.);250
639;"Радиоволновая терапия: удаление ""мелких элементов"" за 1 см2";1100
640;Местная анестезия препаратом «Ультракаин»;450
641;Полипэктомия шейки матки;1000
642;Гинекологический массаж (1 процедура);550
643;Введение ВМК (без стоимости контрацептива);1200
644;Введение ВМК (с учетом стоимости контрацептива Mirena);17200
645;Удаление ВМК;600
646;Медикаментозная регуляция менструального цикла (включая две консультации врача акушера-гинеколога, препарат, УЗИ-мониторинг полости матки после приёма препарата) препаратом «МИФЕГИН»;9500
647;Медикаментозная регуляция менструального цикла (включая две консультации врача акушера-гинеколога, препарат, УЗИ-мониторинг полости матки после приёма препарата) препаратом «МИФЕПРИСТОН»;6000
648;"Программа ""Женское здоровье"" в филиале на Кусимова  (консультация гинеколога группы 2, взятие мазков, кольпоскопия, УЗИ малого таза, УЗИ молочных желез)";3400
649;"Программа ""Подготовка к беременности"" (для обоих партнеров)";16450
650;"Программа ""Здоровье женщины 18+""";7790
651;"Программа ""Здоровье женщины 40+""";13780
652;Консультативно-диагностический прием в филиале на Кусимова (гинеколог+УЗИ МТ);1900
653;Установка акушерского пессария (без учета стоимости пессария);1700
654;Установка акушерского пессария (с учётом стоимости акушерского пессария, производство Россия);2900
655;Подбор гинекологического пессария;1000
656;Обработка струпа на шейке матки или влагалища после различных видов коагуляции;300
657;Влагалищная ванночка;250
658;Аппликация влагалища лекарственными препаратами (антисептиками) при лечении вагинозов, вагинитов;250
659;Аппликация влагалища лекарственными препаратами + мази, кремы, свечи при лечении вагинозов, вагинитов;300
660;Выскабливание цервикального канала;750
661;"Установка контрацептива ""Импланон"" (подкожно), без учета стоимости препарата";2000
662;"Введение контрацептива ""Импланон"" (подкожно), с учетом стоимости препарата";17000
663;"Удаление контрацептива ""Импланон""";1700
664;Плазмолифтинг (при лечении гинекологических заболеваний), 1 процедура;3000
665;Безоперационная интимная пластика, 1 процедура (без стоимости препарата);3000
666;Нехирургическая (инъекционная) коррекция формы и контуров половых губ;14000
667;Нехирургическая (инъекционная) коррекция возрастных и послеродовых изменений наружных половых органов у женщин;14000
668;Нехирургическая (инъекционная) коррекция зоны уретры при начальной стадии стрессового недержания мочи;14000
23125;"Комплекс лечебно-оздоровительных процедур, вариант 1: озонотерапия (внутривенно, 1 процедура), магнитотерапия на аппарате ""Алмаг"" (1 процедура), вагинальный ультразвук на аппарате ""Гинетон"" с препаратом по назначению врача (1 процедура)";1300
23124;"Вагинальный ультразвук на аппарате ""Гинетон"" с препаратом по назначению врача (1 процедура)";600
23123;УФО носа и зева (1 процедура) + ингаляция с небулайзером с препаратом по назначению врача (1 процедура);500
23118;Озонотерапия (вагинальное орошение) + грязевой тампон (5 процедур);2500
23116;Озонотерапия (внутривенно, 5 процедур);2300
23117;Озонотерапия (вагинальное орошение) + грязевой тампон (1 процедура);600
23115;Озонотерапия (внутривенно, 1 процедура);500
23102;Расшифровка ЭКГ (заключение);200
23101;"Местная анестезия препаратов ""Ультракаин""";450
686;Консультация акушера-гинеколога по ведению беременности (в I, II и III триместрах, только при наличии обменной карты);1700
687;Акушерское наблюдение беременности I триместра;9500
688;Акушерское наблюдение беременности II триместра;11000
689;Акушерское наблюдение беременности III триместра;14000
690;Акушерское наблюдение всего периода беременности;34500
691;Акушерское наблюдение многоплодной беременности I триместра;11000
692;Акушерское наблюдение многоплодной беременности II триместра;13000
693;Акушерское наблюдение многоплодной беременности III триместра;16500
694;Акушерское наблюдение всего периода многоплодной беременности;40500
695;Пренатальный скрининг трисомий (1 триместр беременности 11-13 нед.) по программе АСТРАЙЯ;1600
696;Консультация акушер-гинеколога по вопросам пренатальной диагностики врожденых патологий плода, К.М.Н.;1500
697;Абдоминальная декомпрессия (1 процедура) в филиале на Зорге;350
698;Абдоминальная декомпрессия (8 процедур) в филиале на Зорге;2400
699;Кардиотокография (КТГ) в любом филиале;500
700;Кардиотокография (КТГ) с расшифровкой в филиале Кусимова, 15/1;700
701;Первичная консультация генетика;1300
702;Повторная консультация генетика (в течение 1 месяца);1000
703;Консультация акушер-гинеколога по вопросам пренатальной диагностики;1500
23066;Неинвазивный пренатальный тест PrenaTest на опеределение наличия у плода Трисомии по 21 хромосоме (синдром Дауна) + определение пола плода, МедикалГеномикс;18500
704;Пренатальный скрининг трисомий (1 триместр беременности 11-13 нед.) по программе АСТРАЙЯ;1600
705;Биопсия хориона/плацентоцентез/амниоцентез (аспирация ворсин хориона или околоплодных вод для исключения хромосомных патологий у плода;5400
706;Цитогенетическое исследование абортного материала (КАРИОТИП);6000
707;Хромосомный микроматричный анализ ХМА-750 ворсин хориона/амниотической жидкости/абортивного материала;20700
708;Хромосомный микроматричный анализ ХМА-Стандартный ворсин хориона/амниотической жидкости/абортивного материала;29800
709;Хромосомный микроматричный анализ ХМА-Расширенный ворсин хориона/амниотической жидкости/абортивного материала;43500
710;ХМА-Стандартный для анализа абортивного материала при беременности, прервавшейся до 12 недель;17000
711;ХМА-Расширенный для анализа плодного материала при беременности, прервавшейся после 12 недель (для уточнения причины бесплодия, для уточнения задержки психомоторного развития, для уточнения причины множественных пороков развития);27500
712;Неинвазивное пренатальное исследование плода на наличие анеуплоидий 13, 18, 21, X, Y хромосом Prenetix (Genetico);33000
713;Неинвазивный пренатальный тест Пренатест Т21 (для исключения синдрома Дауна);19200
714;Неинвазивный пренатальный ДНК скрининг (НИПС) расширенная панель;34200
715;Синдром ломкой Х хромосомы (метилирование);9500
716;Синдром ломкой Х хромосомы, премутация (PCR);14500
717;Первичная консультация маммолога, врач группы 1;1300
718;Первичная консультация маммолога, врач группы 2;1200
719;Повторная консультация маммолога (в течение 1 мес.), врач группы 1;1000
720;Повторная консультация маммолога (в течение 1 мес.), врач группы 2;900
721;Консультация маммолога по результатам анализов;500
722;Пункционная биопсия молочной железы (стоимость цитологического исследования оплачивается отдельно);1200
723;УЗИ-контроль при проведении пункционной биопсии молочной железы;600
724;Забор материала на цитологическое исследование (отпечаток);200
725;Радиоволновая терапия на молочных железах: удаление образований кожи (1 шт.);350
726;Радиоволновая терапия на молочных железах: удаление образований кожи (осложненных) (1 шт.);700
727;Радиоволновая терапия на молочных железах: удаление мелких элементов (1 шт.);250
728;Радиоволновая терапия на молочных железах: удаление мелких элементов за 1 см2;1100
729;"Местная анестезия препаратом ""Ультракаин""";450
730;Первичная консультация онколога;1200
731;Повторная консультация онколога (в течение 1 месяца);900
732;Тотальная биопсия новообразований кожи и мягких тканей, слизистой, за 1 кв.см;1200
733;Коагуляция новообразований кожи лица, тела, 1 шт.;350
734;Коагуляция подошвенной части бородавки, 1 шт.;750
735;Наложение узлового шва;650
736;Наложение косметического шва;850
737;Снятие швов;350
738;Перевязка (1 процедура);600
739;Пункционная биопсия образований мягких тканей (стоимость цитологического исследования оплачивается отдельно);1200
740;УЗИ-контроль при проведении пункционной биопсии мягких тканей;600
741;Первичная консультация терапевта, врач группы 1;1300
742;Первичная консультация терапевта, врач группы 2;1200
743;Повторная консультация терапевта (в течение 1 месяца), врач группы 1;1000
744;Повторная консультация терапевта (в течение 1 месяца), врач группы 2;900
745;Консультация по результатам анализов;500
746;Консультация врача терапевта/эндокринолога в программе наблюдения беременности;1500
747;Суточное мониторирование артериального давления СМАД (1 сутки);1500
748;Суточное мониторирование ЭКГ по Холтеру, до 24 часов (в филиале на Зорге);1800
749;Первичная консультация эндокринолога, врач группы 1;1300
750;Первичная консультация эндокринолога, врач группы 2;1200
751;Повторная консультация эндокринолога (в течение 1 месяца), врач группы 1;1000
752;Повторная консультация эндокринолога (в течение 1 месяца), врач группы 2;900
753;Консультация эндокринолога по результатам анализов;500
754;Пункционная биопсия щитовидной железы под контролем УЗИ (стоимость гистологического исследования определяется отдельно в зависимости от количества необходимых исследований);1200
755;УЗИ-контроль при проведении пункционной биопсии щитовидной железы;600
756;Первичная консультация проктолога;1300
757;Повторная консультация проктолога (в теч.1 года);1000
758;Консультация проктолога по результатам анализов;500
759;Ректороманоскопия диагностическая;1000
760;Ректороманоскопия лечебная;1200
761;Аноскопия;500
762;Удаление фиброзно-анального полипа;3800
763;Бужирование анального отверстия;400
764;Бужирование колостомы;500
765;Удаление каловых камней;1000
766;Постановка лечебной микроклизмы;400
767;Зондирование свища;200
768;Уход за колостомой;250
769;Тромбоэктомия из наружного геморроидального узла;3200
770;Блокада перианальной области;1000
771;Аппликационная анестезия при проктологических манипуляциях;350
772;Проктологическая перевязка 1-й категории сложности;250
773;Проктологическая перевязка 2-й категории сложности;500
774;Удаление папиллом перианальной области (без учета анестезии);900
775;Иссечение гипертрофированной перианальной бахромки;4000
776;Вскрытие подкожного парапроктита;3800
777;Иссечение интерсфинктерного свища;7000
778;Иссечение эпителиального копчикового хода с марсупализацией;10000
779;Иссечение наружного геморроидального узла;4500
780;Иссечение внутреннего геморроидального узла;6200
781;Латексное лигирование внутреннего геморроидального узла, 1 ед.;3000
782;Латексное лигирование внутреннего геморроидального узла, 2 ед.;5700
783;Латексное лигирование внутреннего геморроидального узла, 3 ед.;8000
784;Иссечение хронической анальной трещины (без учета стоимости анестезии);7000
785;Иссечение хронической анальной трещины со сфинктеротомией (без учета стоимости анестезии);9800
786;Тромбоэктомия из внутренних геморроидальных узлов (без учета стоимости анестезии);2200
787;Биполярная коагуляция сосудистых ножек внутри геморроидальных узлов (без учета стоимости анестезии);6000
788;Электрокоагуляция остроконечных кондилом и папиллом перианальной кожи - 1 зона;1000
789;Электрокоагуляция кондилом, папиллом анального канала - 1 зона;1900
790;Иссечение полипа анального канала (без учета стоимости местной анестезии);3800
791;Шовное лигирование сосудистых ножек одного внутреннего геморроидального узла (без учета стоимости местной анестезии);1500
792;Удаление инородного тела прямой кишки (I категория сложности);900
793;Удаление инородного тела прямой кишки (II категория сложности);1600
794;Иссечение свища прямой кишки I cтепень сложности (без учета стоимости местной анестезии);7500
795;Геморроидэктомия I степнь сложности (без учета стоимости местной анестезии);6500
796;Геморроидэктомия II степнь сложности (без учета стоимости местной анестезии);11000
797;"Удаление остроконечных кондилом и папиллом перианальной области с помощью аппарат ""Сургидрон"" - 1 зона";1500
798;"Удаление остроконечных кондилом и папиллом анального канала с помощью аппарат ""Сургидрон"" - 1 зона";2200
799;Вскрытие пилонедальной кисты (эпителиально-копчикового хода) (без учета стоимости местной анестезии);1900
800;Первичная консультация уролога, врач группы 1;1300
801;Первичная консультация уролога, врач группы 2;1200
802;Повторная консультация уролога (в течение 1 месяца), врач группы 1;1000
803;Повторная консультация уролога (в течение 1 месяца), врач группы 2;900
804;Консультация уролога с урофлоуметрией (в филиале на Кирова);1800
805;Консультация по результатам анализов;500
806;Урофлоуметрия (по направлению лечащего врача, в филиале на Кирова);800
809;Биопсия простаты под контролем УЗИ (при этом стоимость гистологического анализа определяется отдельно в зависимости от количества необходимых исследований);5500
810;"Программа ""Здоровье мужчины 18+""";7700
811;"Программа ""Здоровье мужчины 40+, онкориски""";10250
812;Массаж простаты (1 процедура);600
813;Радиоволновая терапия в урологии: удаление образований кожи (1 шт.);350
814;Радиоволновая терапия в урологии: удаление образований кожи (осложненная, за 1 шт.);700
815;"Радиоволновая терапия в урологии: удаление ""мелких элементов"" (за 1 шт.)";250
816;"Радиоволновая терапия в урологии: удаление ""мелких элементов"" (за 1 кв.см.)";1100
817;Забор материала на цитологическое исследование (пункция);350
818;"Местная анестезия препаратом ""Ультракаин""";450
819;Безоперационная интимная пластика для мужчин (включая стоимость имплантанта внутридермального Replari (1 амп);11500
820;Безоперационная интимная пластика для мужчин (включая стоимость имплантанта внутридермального Replari (2 амп);16700
821;Ультразвуковое исследование органов брюшной полости;1000
822;Ультразвуковое исследование почек, мочевого пузыря;900
823;Ультразвуковое исследование мочевого пузыря;350
824;Определение объема остаточной мочи в мочевом пузыре;200
825;Ультразвуковое исследование органов брюшной полости и почек;1650
826;Ультразвуковое исследование органов брюшной полости на наличие свободной жидкости;500
827;Ультразвуковое исследование аорты брюшной полости, подвздошной аорты, бедренной артерии;1100
828;Ультразвуковое исследование регионарных лимфатических узлов;400
829;Ультразвуковое исследование щитовидной железы, регионарных лимфатических узлов;1000
830;Ультразвуковое исследование щитовидной железы и допплерографическая оценка сосудов щитовидной железы;1000
831;Ультразвуковое исследование молочных желез;1200
832;Ультразвуковое исследование молочных желез с эластографией выявленных образований;1300
833;Ультразвуковое исследование органов малого таза (ТРУЗИ) у мужчин;1200
834;Ультразвуковое исследование мошонки;800
835;Допплерографическая оценка венозного кровотока органов мошонки и аортомезентериальных сосудов;800
836;Ультразвуковое исследование сосудов шеи экстракраниальное;1200
837;Применение допплерографических методик выявленных объемных образований;400
838;Допплерометрическое исследование нижних конечностей (1 конечность);850
839;Ультразвуковое исследование мягких тканей, стенки брюшной полости;400
840;Ультразвуковое исследование сустава (1 сустав);800
841;Ультразвуковое исследование плевральных полостей легких;300
842;Ультразвуковой контроль менструального цикла (1исследование);600
843;Трансабдоминальное ультразвуковое исследование органов малого таза, врач УЗД группы 1;1080
844;Трансабдоминальное ультразвуковое исследование органов малого таза, врач УЗД группы 2;900
845;Трансабдоминальное/трансвагинальное/трансректальное ультразвуковое обследование органов малого таза, врач УЗД группы 1;1300
846;Трансабдоминальное/трансвагинальное/трансректальное ультразвуковое обследование органов малого таза, врач УЗД группы 2;1100
847;Ультразвуковое гинекологическое исследование и оценка состояния органов малого таза в режиме 3D, врач УД группы 1;1450
848;Ультразвуковое гинекологическое исследование и оценка состояния органов малого таза в режиме 3D, врач УЗД группы 2;1200
851;Ультразвуковое акушерское исследование при сроке свыше 14 недель беременности 2D, врач УЗД группы 1;1960
852;Ультразвуковое акушерское исследование при сроке свыше 14 недель беременности 2D, врач УЗД группы 2;1800
855;Ультразвуковое акушерское исследование при сроке свыше 14 недель многоплодной беременности 2D (двойня), врач группы 1;2740
856;Ультразвуковое акушерское исследование при сроке свыше 14 недель многоплодной беременности 2D (двойня), врач группы 2;2400
859;Ультразвуковое акушерское исследование при сроке свыше 14 недель многоплодной беременности 2D (тройня), врач УЗД группы 1;3100
860;Ультразвуковое акушерское исследование при сроке свыше 14 недель многоплодной беременности 2D (тройня), врач УЗД группы 2;2630
861;Ультразвуковое акушерское исследование с применением допплерографии - фетометрия без оценки анатомии плода, врач УЗД группы 1;2200
862;Ультразвуковое акушерское исследование с применением допплерографии - фетометрия без оценки анатомии плода, врач УЗД группы 2;1860
863;Допплерометрическое исследование сосудов матки и плода при одноплодной беременности (в стандартном режиме 2D), врач УЗД группы 1;1250
864;Допплерометрическое исследование сосудов матки и плода при одноплодной беременности (в стандартном режиме 2D), врач УЗД группы 2;1100
865;Допплерометрическое исследование сосудов матки и плода при многоплодной беременности (двойня, в стандартном режиме 2D), врач УЗД группы 1;1700
866;Допплерометрическое исследование сосудов матки и плода при многоплодной беременности (двойня, в стандартном режиме 2D), врач УЗД группы 2;1450
867;Допплерометрическое исследование сосудов матки и плода при многоплодной беременности (тройня, в стандартном режиме 2D), врач УЗД группы 1;2100
868;Допплерометрическое исследование сосудов матки и плода при многоплодной беременности (тройня, в стандартном режиме 2D), врач УЗД группы 2;1800
869;Допплерометрическое исследование сосудов органов малого таза (вне беременности), врач УЗД группы 1;1200
870;Допплерометрическое исследование сосудов органов малого таза (вне беременности), врач УЗД группы 2;1100
871;Ультразвуковое исследование сосудов органов малого таза (вне беременности) с доплерометрической оценкой сосудов, врач УЗД группы 1;1800
872;Ультразвуковое исследование сосудов органов малого таза (вне беременности) с доплерометрической оценкой сосудов, врач УЗД группы 2;1600
23144;Ультразвуковой скрининг первого триместра при многоплодной беременности-тройня (на сроке 12-14 недель), врач группы 2;2600
23143;Ультразвуковой скрининг первого триместра при многоплодной беременности-тройня (на сроке 12-14 недель), врач группы 1;3100
875;Ультразвуковое акушерское исследование при сроке свыше 14 недель беременности 3D/4D с записью на электронный носитель и черно-белый снимок плода в подарок, врач УЗД группы 1;2500
876;Ультразвуковое акушерское исследование при сроке свыше 14 недель беременности 3D/4D c записью на электронный носитель и черно-белый снимок плода в подарок, врач УЗД группы 2;2100
23141;Ультразвуковой скрининг первого триместра при многоплодной беременности-двойня (на сроке 12-14 недель), врач группы 1;2100
23142;Ультразвуковой скрининг первого триместра при многоплодной беременности-двойня (на сроке 12-14 недель), врач группы 2;1800
23139;Ультразвуковой скрининг первого триместра при одноплодной беременности (на сроке 12-14 недель), врач группы 1;1650
23140;Ультразвуковой скрининг первого триместра при одноплодной беременности (на сроке 12-14 недель), врач группы 2;1400
879;Ультразвуковое акушерское исследование при сроке свыше 14 недель многоплодной беременности 3D/4D с записью на электронный носитель и черно-белый снимок плодов в подарок;3700
880;Ультразвуковое акушерское исследование при сроке свыше 14 недель многоплодной беременности 3D/4D c записью на электронный носитель и черно-белый снимок плодов в подарок, врач УЗД группы 2;3100
881;Ультразвуковое акушерское исследование с применением допплерографии - фетометрия без оценки анатомии плодов при многоплодной беременности (двойня), врач УЗд группы 1;2800
882;Ультразвуковое акушерское исследование с применением допплерографии - фетометрия без оценки анатомии плодов при многоплодной беременности (двойня), врач УЗд группы 2;2300
883;Ультразвуковое акушерское исследование с применением допплерографии - фетометрия без оценки анатомии плодов при многоплодной беременности (тройня), врач УЗД группы 1;3500
884;Ультразвуковое акушерское исследование с применением допплерографии - фетометрия без оценки анатомии плодов при многоплодной беременности (тройня), врач УЗД группы 2;2900
885;Функциональная оценка состояния шейки матки во время беременности, врач УЗД группы 1;450
886;Функциональная оценка состояния шейки матки во время беременности, врач УЗД группы 2;350
887;Ультразвуковой мониторинг сердцебиения плода, состояния шейки матки/рубца на матке, врач УЗД группы 1;700
888;Ультразвуковой мониторинг сердцебиения плода, состояния шейки матки/рубца на матке, врач УЗД группы 2;600
889;Ультразвуковое исследование органов брюшной полости у детей ( с рождения);900
890;Ультразвуковое исследование почек, мочевого пузыря у детей (с рождения);800
891;Ультразвуковое исследование органов брюшной полости и почек у детей (с рождения);1300
892;Ультразвуковое исследование щитовидной железы, регионарных лимфатических узлов у детей ( с рождения);700
893;Ультразвуковое исследование щитовидной железы и допплерографическая оценка сосудов щитовидной железы у детей (с рождения);800
894;Ультразвуковое исследование регионарных лимфатических узлов у детей (с рождения);500
895;Ультразвуковое исследование сосудов шеи экстракраниальное у детей с 10 лет;1100
896;Нейросонография (до 1 года);1000
897;Запись на диск изображения в формате 2D (при всех видах УЗИ по беременности);300
898;Запись на диск изображения в формате 3D (при всех видах УЗИ);500
899;Эхокардиография (ЭХОкг);1500
900;Проведение электрокардиографии (ЭКГ) с расшифровкой;500
901;Проведение электрокардиографии (ЭКГ) с физической нагрузкой (приседания) и расшифровкой;800
902;Суточное мониторирование ЭКГ по Холтеру до 24 часов;1800
903;Суточное мониторирование артериального давления СМАД (1 сутки);1500
904;Первичная консультация гастроэнтеролога;1300
905;Повторная консультация гастроэнтеролога (в течение 1 месяца);1000
24043;Повторная консультация генетика (в течение 1 месяца);1000
906;Консультация гастроэнтеролога по результатам анализов;500
907;Фиброгастроскопия (ФГС) в филиале на Кирова;1500
908;Эндоскопическая биопсионная полипэктомия (при проведении ФГС);1000
909;Биопсия при проведении ФГС;400
910;Экспресс анализ определения кислотности;300
911;Экспресс анализ определения хеликобактер;400
919;Первичная консультация невролога;1300
920;Повторная консультация невролога (в течение 1 месяца);1000
24042;Первичная консультация генетика;1300
23004;Консультация репродуктолога с использованием средств видео-связи;400
23005;Внутриматочная инсеменация;9000
23006;Сперма донора (1 порция);10000
23007;Трансвагинальная пункция фолликулов;20750
23008;ИКСИ (микроинъекция сперматозоида в яйцеклетку)  до 3 яйцеклеток;18000
23009;ИКСИ (микроинъекция сперматозоида в яйцеклетку)  4 и более яйцеклеток;23000
23010;ПИКСИ - отбор зрелых сперматозоидов для использования в ИКСИ;5600
23011;Культивирование гамет и эмбрионов в естественном цикле;20000
23012;Культивирование гамет и эмбрионов;29000
23013;Перенос эмбрионов в полость матки;10000
23014;Размораживание эмбрионов;14000
23015;Вспомогательный хетчинг;5000
23016;Предоставление донорских ооцитов (не менее 6 яйцеклеток);140000
23017;Предоставление криоконсервированных донорских ооцитов (3 яйцеклетки) с учетом размораживания;40000
23018;Предоставление криоконсервированных донорских ооцитов (6 яйцеклеток) с учетом размораживания;80000
23019;Предоставление одного криоконсервированного донорского эмбриона;30000
23020;"ЭКО-пакет ""ЭКОНОМ""";99000
23021;"Программа ""Сохранение яйцеклеток""";33250
23022;Криоконсервация и хранение спермы в течение 1 месяца;5000
23023;Криоконсервация и хранение спермы сроком до 6 месяцев;6250
23024;Криоконсервация эмбрионов/ооцитов и хранение сроком до 6 месяцев (3 крионосителя);15000
23025;Криоконсервация эмбрионов (стоимость хранения не включена);12000
23026;Криоконсервация эмбрионов/ооцитов (дополнительный крионоситель);2000
23027;Хранение криоматериала (сперма, ооциты, эмбрионы) в течении 1 года;10000
23028;Хранение криоматериала (сперма, ооциты, эмбрионы) сроком до 6 месяцев;6000
23029;Консультации хирургов;
23030;Консультация оперирующего врача акушера-гинеколога;1500
23031;Повторная консультация оперирующего врача акушера-гинеколога;1000
23032;Консультация хирурга;2500
23033;Повторная консультация хирурга;1000
23034;Лечебно-диагностическая манипуляция хирурга;500
23035;Коррекция связочного аппарат матки с ампутацией шейки матки и передней и задней кольпорафией;44600
23036;Установка акушерского пессария без наложения швов (стоимость пессария включена, пессарий производства Германии);6200
23037;Пластика уздечки полового члена (+ контрольный осмотр с 2 перевязками);6300
23038;Иссечение полипа уретры;3200
23039;Биопсия яичка;7900
23040;Открытая биопсия яичка;21000
23041;Ликвидация гидроцеле (односторонний);15000
23042;Ликвидация варикоцеле (двустороннее);18000
23043;Иссечение кисты придатка яичка;15750
23044;Иссечение кондилом полового члена;3200
23045;Операция Иванисевича;21000
23046;Циркумцизио (обрезание) радиоволновым методом (+контрольный осмотр с 2 перевязками);8400
23047;Диагностическая цистоскопия (муж);2950
23048;Диагностическая цистоскопия (жен);2300
23049;Стерилизация мужчин;15750
23050;Коррекция каверозных тел (искривление);36750
23051;Иссечение паховой грыжи;21000
23052;Иссечение пупочной грыжи;15750
23053;Бужирование уретры;1100
23054;Эпицистомия троакарная;10500
23055;Кастрация;8400
23056;Инстилляция мочевого пузыря;650
23057;Иссечение кондилом паховой области, 1 элемент;550
23058;Операция Мармара (1 яичко);25000
23059;Операция Мармара (2 яичка);45000
23060;Иссечение парауретральной кисты;16800
23061;Меатотомия;7000
23062;Удаление фиброаденомы молочной железы хирургическим путем                                                                                  (включая проведение манипуляции и две перевязки после проведения манипуляции);12600
23063;Перевязка после проведения манипуляций по удалению фиброаденом молочной железы;350
23064;Хирургическая коррекция при истмико-цервикальной недостаточности беременных (включая наложение швов, установку пессария, включая стоимость пессария), 1 койко-день в стационаре с лечебной терапией.;19000
23065;Хирургическая коррекция органов малого таза и промежности  (стоимость операции зависит от объема проводимого оперативного вмешательства, предварительная консультация хирурга обязательна);1000-15000
23069;Определение пола плода (с 9-й недели беременности), МедикалГеномикс;6000
23070;Определение резус-фактора плода по крови матери, МедикалГеномикс;7000
23071;Пренатальный хромосомный микроматричный анализ (ворсины хориона/амниотическая жидкость);17000
23072;Молекулярное кариотипирование абортивного материала ОПТИМА;17000
23073;Анализ микроделеций локуса AZF Y-хромосомы (1чел.) (по венозной крови);6500
23119;Электрофорез с препаратом по назначению врача (1 процедура);300
23120;"Магнитотерапия на аппарате ""Алмаг"" (1 процедура)";300
23121;УФО носа и зева (1 процедура);300
23122;Ингаляция с небулайзером с препаратом по назначению врача (1 процедура);300
23100;Консультация гинеколога по проведению неинвазивной пренатальной диагностики;500
23126;Комплекс лечебно-оздоровительных процедур, вариант 2: внутривенная капельная инфузия (1 процедура, без учета стоимость препарата), электрофорез с препаратом по назначению врача (1 процедура), озонотерапия (вагинальное орошение озонированным физ.раствором);1300
23127;Комплекс лечебно-оздоровительных процедур, вариант1/вариант2 поочередно, (6 процедур);7200
23128;Комплекс лечебно-оздоровительных процедур, вариант1/вариант2 поочередно, (10 процедур);11000
24466;Печать цветных фотографий (2 шт) при проведении УЗИ по ведению беременности;100
24667;Преимплантационная генетическая диагностика хромосомных аномалий (23 пары хромосом) методом NGS, за 1 эмбрион;18700
24668;Неинвазивный пренатальный тест PrenaTest на определение наличия у плода Трисомии по 21 хромосоме (синдром Дауна) + определение пола плода, МедикалГеномикс;15900
24669;Неинвазивный пренатальный тест PrenaTest на опеределение наличия у плода Трисомии по 21, 13, 18 хромосоме (синдромы Дауна, Эдвардса, Патау)+определение пола (для двуплодной беременности), МедикалГеномикс;25900
24670;Неинвазивный пренатальный тест PrenaTest на опеределение наличия у плода Трисомии по 21, 13, 18 хромосоме (синдромы Дауна, Эдвардса, Патау)+числовые нарушения половых хромосом и определение пола, МедикалГеномикс;25900
